<!--
* AutoPlayer
* https://github.com/toddberreth/AutoPlayer
*
* Copyright 2015, Todd Berreth
* 
* Licensed under the MIT license:
* http://www.opensource.org/licenses/MIT
-->


<!-- GENERAL SETTINGS ************************************************************************************************** -->

<GLOBAL>
	<!-- AutoPlayer Demo Configuration File -->
	<TITLE>Demo - William Story poem - illustrated randomly - 6x3 tiled display</TITLE>
	
	<!-- currently set to fit in a desktop window for development -->
	<WINDOW> 
		<WIDTH>1920</WIDTH><HEIGHT>540</HEIGHT><FULLSCREEN>FALSE</FULLSCREEN>
	</WINDOW>
	
	<!-- tiles/screens in grid (horizontal/vertical)-->
	<TILES>	
		<H>6</H><V>3</V>
	</TILES>
	
	<!-- background color (rgb) values 0-255 -->
	<BKG_COLOR>
		<R>203</R><G>159</G><B>135</B>
        <!--<R>0</R><G>0</G><B>0</B> -->
	</BKG_COLOR>
	
	<!-- once / loop / endless (doesn't loop, doesn't stop)...play transition fades in/out on once & loop, duration(in seconds)-->
	<PLAYING>
		<TYPE>ENDLESS</TYPE><DURATION>30</DURATION><TRANSITION>TRUE</TRANSITION>
	</PLAYING>
	
	<!-- maximum videos/sounds playing simultaneously -->
	<VIDEOS_MAX>12</VIDEOS_MAX>
	<SOUNDS_MAX>12</SOUNDS_MAX>
	
	<!-- shows framerate and other data for troubleshooting (else press <s> key)-->
	<SHOW_DATA>TRUE</SHOW_DATA>
	
	<!-- for triggering events -> off, mouse or camera-->
	<INPUT_TYPE>MOUSE</INPUT_TYPE>
	
	<!-- range if random alpha, speed, volume or duration values are specified and not defined in specific event-->
	<RANDOM_ALPHA_TYP><MIN>0.25</MIN><MAX>0.75</MAX></RANDOM_ALPHA_TYP>
	<RANDOM_SPEED_TYP><MIN>0.25</MIN><MAX>0.75</MAX></RANDOM_SPEED_TYP>
	<RANDOM_VOLUME_TYP><MIN>0.5</MIN><MAX>1.0</MAX></RANDOM_VOLUME_TYP>
	<RANDOM_DURATION_TYP><MIN>20</MIN><MAX>40</MAX></RANDOM_DURATION_TYP> <!-- in seconds -->
</GLOBAL>

<!-- EVENTS ARE BELOW ************************************************************************************************** -->


<!-- TIMED_EVENTS ****************************************************************************************************** -->
<!-- timed/scripted events (always triggered) -->
<TIMED_EVENTS>

<!-- -->
   	<EVENT>
        <START>start</START>
        <END>end</END>
        <TYPE>IMAGE</TYPE>
        <PATH>demo_poem/graphics/title.png</PATH>
        <LOC>LHALF</LOC>
        <A>0.9</A><A_TRANS>TRUE</A_TRANS><A_TIME>5.0</A_TIME>
        <LAYER>1</LAYER>
    </EVENT>


</TIMED_EVENTS>


<!-- RANDOM_EVENTS ****************************************************************************************************** -->
<!-- random events - activated by chance, evaluated every second -->
<RANDOM_EVENTS>

	 <!-- poem (text saved in .png files) 	-->
    <EVENT>
        <START>start</START><END>end</END>
        <CHANCE>1</CHANCE>
        <DURATION>30</DURATION>
        <REPEATABLE>TRUE</REPEATABLE>
        <TYPE>IMAGESEQUENCE</TYPE>
        <PATH>demo_poem/graphics/poem/</PATH>
        <LOC>LHALF</LOC>
        <A>0.9</A><A_TRANS>TRUE</A_TRANS><A_TIME>5.0</A_TIME>
        <LAYER>1</LAYER>
    </EVENT>

      
	<!-- images 	-->
	<EVENT>
        <START>start</START><END>end</END>
        <CHANCE>1</CHANCE>
        <DURATION>60</DURATION>
        <REPEATABLE>TRUE</REPEATABLE>
        <TYPE>RANDOMIMAGE</TYPE>
        <PATH>demo_poem/images/32_9/</PATH>
        <LOC>FULL</LOC>
        <A>0.75</A><A_TRANS>TRUE</A_TRANS><A_TIME>5.0</A_TIME>
        <LAYER>9</LAYER>
    </EVENT>
     
	<EVENT>
        <START>start</START><END>end</END>
        <CHANCE>0.05</CHANCE>
        <DURATION>30</DURATION>
        <REPEATABLE>TRUE</REPEATABLE>
        <TYPE>RANDOMIMAGE</TYPE>
        <PATH>demo_poem/images/32_9/</PATH>
        <LOC>FULL</LOC>
        <A>0.333</A><A_TRANS>TRUE</A_TRANS><A_TIME>5.0</A_TIME>
        <LAYER>8</LAYER>
    </EVENT>
     
	<EVENT>
        <START>start</START><END>end</END>
        <CHANCE>0.05</CHANCE>
        <DURATION>30</DURATION>
        <REPEATABLE>TRUE</REPEATABLE>
        <TYPE>RANDOMIMAGE</TYPE>
        <PATH>demo_poem/images/16_9/</PATH>
        <LOC>RANDOMTILE</LOC>
        <A>RANDOM</A><A_TRANS>TRUE</A_TRANS><A_TIME>5.0</A_TIME>
        <LAYER>2</LAYER>
    </EVENT>
     
	<EVENT> 
        <START>start</START><END>end</END>
        <CHANCE>0.05</CHANCE>
        <DURATION>30</DURATION>
        <REPEATABLE>TRUE</REPEATABLE>
        <TYPE>RANDOMIMAGE</TYPE>
        <PATH>demo_poem/images/16_9/</PATH>
        <LOC>LHALF</LOC>
        <A>RANDOM</A><A_TRANS>TRUE</A_TRANS><A_TIME>5.0</A_TIME>
        <LAYER>2</LAYER>
    </EVENT>
     
	<EVENT>
        <START>start</START><END>end</END>
        <CHANCE>0.05</CHANCE>
        <DURATION>30</DURATION>
        <REPEATABLE>TRUE</REPEATABLE>
        <TYPE>RANDOMIMAGE</TYPE>
        <PATH>demo_poem/images/16_9/</PATH>
        <LOC>RHALF</LOC>
        <A>RANDOM</A><A_TRANS>TRUE</A_TRANS><A_TIME>5.0</A_TIME>
        <LAYER>2</LAYER>
    </EVENT>

     
     <!-- sounds       -->
	<EVENT>
        <START>start</START><END>end</END>
        <CHANCE>0.2</CHANCE>
        <DURATION>30</DURATION>
        <REPEATABLE>TRUE</REPEATABLE>
        <TYPE>RANDOMSOUND</TYPE>
        <PATH>demo_poem/sounds</PATH>
        <V>RANDOM</V><V_TRANS>TRUE</V_TRANS><V_TIME>5.0</V_TIME>
        <LOOP>TRUE</LOOP>
        <SPEED>1</SPEED>
    </EVENT>
     
	<EVENT>
        <START>start</START><END>end</END>
        <CHANCE>0.2</CHANCE>
        <DURATION>30</DURATION>
        <REPEATABLE>TRUE</REPEATABLE>
        <TYPE>RANDOMSOUND</TYPE>
        <PATH>demo_poem/sounds</PATH>
        <V>RANDOM</V><V_TRANS>TRUE</V_TRANS><V_TIME>5.0</V_TIME>
        <LOOP>TRUE</LOOP>
        <SPEED>1</SPEED>
     </EVENT>

      
    <!-- videos    -->
	<EVENT>
        <START>start</START><END>end</END>
        <CHANCE>0.05</CHANCE>
        <DURATION>30</DURATION>
        <REPEATABLE>TRUE</REPEATABLE>
        <TYPE>RANDOMVIDEO</TYPE>
        <PATH>demo_poem/videos/3_2/</PATH>
        <LOC>RHALF</LOC>
        <A>0.5</A><A_TRANS>TRUE</A_TRANS><A_TIME>5.0</A_TIME>
        <LOOP>TRUE</LOOP>
        <SPEED>RANDOM</SPEED>
        <LAYER>5</LAYER>
    </EVENT>
     
	<EVENT>
        <START>start</START><END>end</END>
        <CHANCE>0.05</CHANCE>
        <DURATION>30</DURATION>
        <REPEATABLE>TRUE</REPEATABLE>
        <TYPE>RANDOMVIDEO</TYPE>
        <PATH>demo_poem/videos/3_2/</PATH>
        <LOC>RANDOMTILE</LOC>
        <A>0.5</A><A_TRANS>TRUE</A_TRANS><A_TIME>5.0</A_TIME>
        <LOOP>TRUE</LOOP>
        <SPEED>RANDOM</SPEED>
        <LAYER>4</LAYER>
    </EVENT>
     
	<EVENT>
        <START>start</START><END>end</END>
        <CHANCE>0.05</CHANCE>
        <DURATION>30</DURATION>
        <REPEATABLE>TRUE</REPEATABLE>
        <TYPE>RANDOMVIDEO</TYPE>
        <PATH>demo_poem/videos/3_1/</PATH>
        <LOC>FULL</LOC>
        <A>0.5</A><A_TRANS>TRUE</A_TRANS><A_TIME>5.0</A_TIME>
        <LOOP>TRUE</LOOP>
        <SPEED>RANDOM</SPEED>
        <LAYER>2</LAYER>
     </EVENT>
  
    
</RANDOM_EVENTS>

<!-- triggered events -->
<TRIGGERED_EVENTS>


	<EVENT>
        <START>start</START>
        <END>end</END>
        <TRIGGER><X><MIN>0</MIN><MAX>0.1666</MAX></X><Y><MIN>0</MIN><MAX>0.3333</MAX></Y></TRIGGER>
        <CHANCE>1.0</CHANCE>
        <DURATION>5</DURATION>
        <REPEATABLE>TRUE</REPEATABLE>
        <TYPE>RANDOMVIDEO</TYPE>
        <PATH>demo_poem/videos/3_2/</PATH>
        <LOC>TILE</LOC><TILE_H>1</TILE_H><TILE_V>1</TILE_V>
        <A>0.5</A><A_TRANS>TRUE</A_TRANS><A_TIME>2</A_TIME>
        <LOOP>TRUE</LOOP>
        <SPEED>RANDOM</SPEED>
        <LAYER>4</LAYER>
    </EVENT>
    
    <EVENT>
        <START>start</START>
        <END>end</END>
        <TRIGGER><X><MIN>0</MIN><MAX>0.1666</MAX></X><Y><MIN>0</MIN><MAX>0.3333</MAX></Y></TRIGGER>
        <CHANCE>1.0</CHANCE>
        <DURATION>5</DURATION>
        <REPEATABLE>TRUE</REPEATABLE>
        <TYPE>RANDOMSOUND</TYPE>
        <PATH>demo_poem/sounds</PATH>
        <V>0.5</V><V_TRANS>TRUE</V_TRANS><V_TIME>1.5</V_TIME>
        <LOOP>TRUE</LOOP>
        <SPEED>1</SPEED>
    </EVENT>

    <EVENT>
        <START>start</START>
        <END>end</END>
        <TRIGGER><X><MIN>0.5</MIN><MAX>1</MAX></X><Y><MIN>0</MIN><MAX>1</MAX></Y></TRIGGER>
        <CHANCE>1.0</CHANCE>
        <DURATION>10</DURATION>
        <REPEATABLE>TRUE</REPEATABLE>
        <TYPE>RANDOMVIDEO</TYPE>
        <PATH>demo_poem/videos/3_2/</PATH>
        <LOC>RHALF</LOC>
        <A>0.5</A><A_TRANS>TRUE</A_TRANS><A_TIME>5.0</A_TIME>
        <LOOP>TRUE</LOOP>
        <SPEED>RANDOM</SPEED>
        <LAYER>4</LAYER>
    </EVENT>
</TRIGGERED_EVENTS>




<!--
	<EVENT>
        <START>start</START>
        <END>end</END>
        <TRIGGER><X><MIN>0</MIN><MAX>0.1666</MAX></X><Y><MIN>0</MIN><MAX>0.3333</MAX></Y></TRIGGER>
        <CHANCE>1.0</CHANCE>
        <DURATION>5</DURATION>
        <REPEATABLE>TRUE</REPEATABLE>
        <TYPE>RANDOMVIDEO</TYPE>
        <PATH>demo_poem/videos/3_2/</PATH>
        <LOC>TILE</LOC><TILE_H>1</TILE_H><TILE_V>1</TILE_V>
        <A>0.5</A><A_TRANS>TRUE</A_TRANS><A_TIME>2</A_TIME>
        <LOOP>TRUE</LOOP>
        <SPEED>RANDOM</SPEED>
        <LAYER>4</LAYER>
    </EVENT>
    <EVENT>
        <START>start</START>
        <END>end</END>
        <TRIGGER><X><MIN>0.16666</MIN><MAX>0.3333</MAX></X><Y><MIN>0</MIN><MAX>0.3333</MAX></Y></TRIGGER>
        <CHANCE>1.0</CHANCE>
        <DURATION>5</DURATION>
        <REPEATABLE>TRUE</REPEATABLE>
        <TYPE>RANDOMVIDEO</TYPE>
        <PATH>demo_poem/videos/3_2/</PATH>
        <LOC>TILE</LOC><TILE_H>2</TILE_H><TILE_V>1</TILE_V>
        <A>0.5</A><A_TRANS>TRUE</A_TRANS><A_TIME>2</A_TIME>
        <LOOP>TRUE</LOOP>
        <SPEED>RANDOM</SPEED>
        <LAYER>4</LAYER>
    </EVENT>
    <EVENT>
        <START>start</START>
        <END>end</END>
        <TRIGGER><X><MIN>0.333333</MIN><MAX>0.5</MAX></X><Y><MIN>0</MIN><MAX>0.3333</MAX></Y></TRIGGER>
        <CHANCE>1.0</CHANCE>
        <DURATION>5</DURATION>
        <REPEATABLE>TRUE</REPEATABLE>
        <TYPE>RANDOMVIDEO</TYPE>
        <PATH>demo_poem/videos/3_2/</PATH>
        <LOC>TILE</LOC><TILE_H>3</TILE_H><TILE_V>1</TILE_V>
        <A>0.5</A><A_TRANS>TRUE</A_TRANS><A_TIME>2</A_TIME>
        <LOOP>TRUE</LOOP>
        <SPEED>RANDOM</SPEED>
        <LAYER>4</LAYER>
    </EVENT>
    <EVENT>
        <START>start</START>
        <END>end</END>
        <TRIGGER><X><MIN>0.5</MIN><MAX>0.6666</MAX></X><Y><MIN>0</MIN><MAX>0.3333</MAX></Y></TRIGGER>
        <CHANCE>1.0</CHANCE>
        <DURATION>5</DURATION>
        <REPEATABLE>TRUE</REPEATABLE>
        <TYPE>RANDOMVIDEO</TYPE>
        <PATH>demo_poem/videos/3_2/</PATH>
        <LOC>TILE</LOC><TILE_H>4</TILE_H><TILE_V>1</TILE_V>
        <A>0.5</A><A_TRANS>TRUE</A_TRANS><A_TIME>2</A_TIME>
        <LOOP>TRUE</LOOP>
        <SPEED>RANDOM</SPEED>
        <LAYER>4</LAYER>
    </EVENT>
    <EVENT>
        <START>start</START>
        <END>end</END>
        <TRIGGER><X><MIN>0.66666</MIN><MAX>0.83333</MAX></X><Y><MIN>0</MIN><MAX>0.3333</MAX></Y></TRIGGER>
        <CHANCE>1.0</CHANCE>
        <DURATION>5</DURATION>
        <REPEATABLE>TRUE</REPEATABLE>
        <TYPE>RANDOMVIDEO</TYPE>
        <PATH>demo_poem/videos/3_2/</PATH>
        <LOC>TILE</LOC><TILE_H>5</TILE_H><TILE_V>1</TILE_V>
        <A>0.5</A><A_TRANS>TRUE</A_TRANS><A_TIME>2</A_TIME>
        <LOOP>TRUE</LOOP>
        <SPEED>RANDOM</SPEED>
        <LAYER>4</LAYER>
    </EVENT>
    <EVENT>
        <START>start</START>
        <END>end</END>
        <TRIGGER><X><MIN>0.83333</MIN><MAX>1</MAX></X><Y><MIN>0</MIN><MAX>0.3333</MAX></Y></TRIGGER>
        <CHANCE>1.0</CHANCE>
        <DURATION>5</DURATION>
        <REPEATABLE>TRUE</REPEATABLE>
        <TYPE>RANDOMVIDEO</TYPE>
        <PATH>demo_poem/videos/3_2/</PATH>
        <LOC>TILE</LOC><TILE_H>6</TILE_H><TILE_V>1</TILE_V>
        <A>0.5</A><A_TRANS>TRUE</A_TRANS><A_TIME>2</A_TIME>
        <LOOP>TRUE</LOOP>
        <SPEED>RANDOM</SPEED>
        <LAYER>4</LAYER>
    </EVENT>
    
    <EVENT>
        <START>start</START>
        <END>end</END>
        <TRIGGER><X><MIN>0</MIN><MAX>0.1666</MAX></X><Y><MIN>0.3333</MIN><MAX>0.6666</MAX></Y></TRIGGER>
        <CHANCE>1.0</CHANCE>
        <DURATION>5</DURATION>
        <REPEATABLE>TRUE</REPEATABLE>
        <TYPE>RANDOMVIDEO</TYPE>
        <PATH>demo_poem/videos/3_2/</PATH>
        <LOC>TILE</LOC><TILE_H>1</TILE_H><TILE_V>2</TILE_V>
        <A>0.5</A><A_TRANS>TRUE</A_TRANS><A_TIME>2</A_TIME>
        <LOOP>TRUE</LOOP>
        <SPEED>RANDOM</SPEED>
        <LAYER>4</LAYER>
    </EVENT>
    <EVENT>
        <START>start</START>
        <END>end</END>
        <TRIGGER><X><MIN>0.16666</MIN><MAX>0.3333</MAX></X><Y><MIN>0.3333</MIN><MAX>0.6666</MAX></Y></TRIGGER>
        <CHANCE>1.0</CHANCE>
        <DURATION>5</DURATION>
        <REPEATABLE>TRUE</REPEATABLE>
        <TYPE>RANDOMVIDEO</TYPE>
        <PATH>demo_poem/videos/3_2/</PATH>
        <LOC>TILE</LOC><TILE_H>2</TILE_H><TILE_V>2</TILE_V>
        <A>0.5</A><A_TRANS>TRUE</A_TRANS><A_TIME>2</A_TIME>
        <LOOP>TRUE</LOOP>
        <SPEED>RANDOM</SPEED>
        <LAYER>4</LAYER>
    </EVENT>
    <EVENT>
        <START>start</START>
        <END>end</END>
        <TRIGGER><X><MIN>0.333333</MIN><MAX>0.5</MAX></X><Y><MIN>0.3333</MIN><MAX>0.6666</MAX></Y></TRIGGER>
        <CHANCE>1.0</CHANCE>
        <DURATION>5</DURATION>
        <REPEATABLE>TRUE</REPEATABLE>
        <TYPE>RANDOMVIDEO</TYPE>
        <PATH>demo_poem/videos/3_2/</PATH>
        <LOC>TILE</LOC><TILE_H>3</TILE_H><TILE_V>2</TILE_V>
        <A>0.5</A><A_TRANS>TRUE</A_TRANS><A_TIME>2</A_TIME>
        <LOOP>TRUE</LOOP>
        <SPEED>RANDOM</SPEED>
        <LAYER>4</LAYER>
    </EVENT>
    <EVENT>
        <START>start</START>
        <END>end</END>
        <TRIGGER><X><MIN>0.5</MIN><MAX>0.6666</MAX></X><Y><MIN>0.3333</MIN><MAX>0.6666</MAX></Y></TRIGGER>
        <CHANCE>1.0</CHANCE>
        <DURATION>5</DURATION>
        <REPEATABLE>TRUE</REPEATABLE>
        <TYPE>RANDOMVIDEO</TYPE>
        <PATH>demo_poem/videos/3_2/</PATH>
        <LOC>TILE</LOC><TILE_H>4</TILE_H><TILE_V>2</TILE_V>
        <A>0.5</A><A_TRANS>TRUE</A_TRANS><A_TIME>2</A_TIME>
        <LOOP>TRUE</LOOP>
        <SPEED>RANDOM</SPEED>
        <LAYER>4</LAYER>
    </EVENT>
    <EVENT>
        <START>start</START>
        <END>end</END>
        <TRIGGER><X><MIN>0.66666</MIN><MAX>0.83333</MAX></X><Y><MIN>0.3333</MIN><MAX>0.6666</MAX></Y></TRIGGER>
        <CHANCE>1.0</CHANCE>
        <DURATION>5</DURATION>
        <REPEATABLE>TRUE</REPEATABLE>
        <TYPE>RANDOMVIDEO</TYPE>
        <PATH>demo_poem/videos/3_2/</PATH>
        <LOC>TILE</LOC><TILE_H>5</TILE_H><TILE_V>2</TILE_V>
        <A>0.5</A><A_TRANS>TRUE</A_TRANS><A_TIME>2</A_TIME>
        <LOOP>TRUE</LOOP>
        <SPEED>RANDOM</SPEED>
        <LAYER>4</LAYER>
    </EVENT>
    <EVENT>
        <START>start</START>
        <END>end</END>
        <TRIGGER><X><MIN>0.83333</MIN><MAX>1</MAX></X><Y><MIN>0.3333</MIN><MAX>0.6666</MAX></Y></TRIGGER>
        <CHANCE>1.0</CHANCE>
        <DURATION>5</DURATION>
        <REPEATABLE>TRUE</REPEATABLE>
        <TYPE>RANDOMVIDEO</TYPE>
        <PATH>demo_poem/videos/3_2/</PATH>
        <LOC>TILE</LOC><TILE_H>6</TILE_H><TILE_V>2</TILE_V>
        <A>0.5</A><A_TRANS>TRUE</A_TRANS><A_TIME>2</A_TIME>
        <LOOP>TRUE</LOOP>
        <SPEED>RANDOM</SPEED>
        <LAYER>4</LAYER>
    </EVENT>
    
    <EVENT>
        <START>start</START>
        <END>end</END>
        <TRIGGER><X><MIN>0</MIN><MAX>0.1666</MAX></X><Y><MIN>0.6666</MIN><MAX>1</MAX></Y></TRIGGER>
        <CHANCE>1.0</CHANCE>
        <DURATION>5</DURATION>
        <REPEATABLE>TRUE</REPEATABLE>
        <TYPE>RANDOMVIDEO</TYPE>
        <PATH>demo_poem/videos/3_2/</PATH>
        <LOC>TILE</LOC><TILE_H>1</TILE_H><TILE_V>3</TILE_V>
        <A>0.5</A><A_TRANS>TRUE</A_TRANS><A_TIME>2</A_TIME>
        <LOOP>TRUE</LOOP>
        <SPEED>RANDOM</SPEED>
        <LAYER>4</LAYER>
    </EVENT>
    <EVENT>
        <START>start</START>
        <END>end</END>
        <TRIGGER><X><MIN>0.16666</MIN><MAX>0.3333</MAX></X><Y><MIN>0.6666</MIN><MAX>1</MAX></Y></TRIGGER>
        <CHANCE>1.0</CHANCE>
        <DURATION>5</DURATION>
        <REPEATABLE>TRUE</REPEATABLE>
        <TYPE>RANDOMVIDEO</TYPE>
        <PATH>demo_poem/videos/3_2/</PATH>
        <LOC>TILE</LOC><TILE_H>2</TILE_H><TILE_V>3</TILE_V>
        <A>0.5</A><A_TRANS>TRUE</A_TRANS><A_TIME>2</A_TIME>
        <LOOP>TRUE</LOOP>
        <SPEED>RANDOM</SPEED>
        <LAYER>4</LAYER>
    </EVENT>
    <EVENT>
        <START>start</START>
        <END>end</END>
        <TRIGGER><X><MIN>0.333333</MIN><MAX>0.5</MAX></X><Y><MIN>0.6666</MIN><MAX>1</MAX></Y></TRIGGER>
        <CHANCE>1.0</CHANCE>
        <DURATION>5</DURATION>
        <REPEATABLE>TRUE</REPEATABLE>
        <TYPE>RANDOMVIDEO</TYPE>
        <PATH>demo_poem/videos/3_2/</PATH>
        <LOC>TILE</LOC><TILE_H>3</TILE_H><TILE_V>3</TILE_V>
        <A>0.5</A><A_TRANS>TRUE</A_TRANS><A_TIME>2</A_TIME>
        <LOOP>TRUE</LOOP>
        <SPEED>RANDOM</SPEED>
        <LAYER>4</LAYER>
    </EVENT>
    <EVENT>
        <START>start</START>
        <END>end</END>
        <TRIGGER><X><MIN>0.5</MIN><MAX>0.6666</MAX></X><Y><MIN>0.6666</MIN><MAX>1</MAX></Y></TRIGGER>
        <CHANCE>1.0</CHANCE>
        <DURATION>5</DURATION>
        <REPEATABLE>TRUE</REPEATABLE>
        <TYPE>RANDOMVIDEO</TYPE>
        <PATH>demo_poem/videos/3_2/</PATH>
        <LOC>TILE</LOC><TILE_H>4</TILE_H><TILE_V>3</TILE_V>
        <A>0.5</A><A_TRANS>TRUE</A_TRANS><A_TIME>2</A_TIME>
        <LOOP>TRUE</LOOP>
        <SPEED>RANDOM</SPEED>
        <LAYER>4</LAYER>
    </EVENT>
    <EVENT>
        <START>start</START>
        <END>end</END>
        <TRIGGER><X><MIN>0.66666</MIN><MAX>0.83333</MAX></X><Y><MIN>0.6666</MIN><MAX>1</MAX></Y></TRIGGER>
        <CHANCE>1.0</CHANCE>
        <DURATION>5</DURATION>
        <REPEATABLE>TRUE</REPEATABLE>
        <TYPE>RANDOMVIDEO</TYPE>
        <PATH>demo_poem/videos/3_2/</PATH>
        <LOC>TILE</LOC><TILE_H>5</TILE_H><TILE_V>3</TILE_V>
        <A>0.5</A><A_TRANS>TRUE</A_TRANS><A_TIME>2</A_TIME>
        <LOOP>TRUE</LOOP>
        <SPEED>RANDOM</SPEED>
        <LAYER>4</LAYER>
    </EVENT>
    <EVENT>
        <START>start</START>
        <END>end</END>
        <TRIGGER><X><MIN>0.83333</MIN><MAX>1</MAX></X><Y><MIN>0.6666</MIN><MAX>1</MAX></Y></TRIGGER>
        <CHANCE>1.0</CHANCE>
        <DURATION>5</DURATION>
        <REPEATABLE>TRUE</REPEATABLE>
        <TYPE>RANDOMVIDEO</TYPE>
        <PATH>demo_poem/videos/3_2/</PATH>
        <LOC>TILE</LOC><TILE_H>6</TILE_H><TILE_V>3</TILE_V>
        <A>0.5</A><A_TRANS>TRUE</A_TRANS><A_TIME>2</A_TIME>
        <LOOP>TRUE</LOOP>
        <SPEED>RANDOM</SPEED>
        <LAYER>4</LAYER>
    </EVENT>
-->